date,open,close,high,low,volume,volume.1
2023-07-26,61.477579009284,50.85220410384608,63.5268316429268,50.10422689256646,250253.0,250253.0
2023-07-27,57.583999005362685,54.97120189746811,59.76645306019226,54.5920901602442,225959.0,225959.0
2023-07-28,51.64116636779856,53.2805684747128,56.83602179408306,49.43821978663255,154938.0,154938.0
2023-07-31,54.305194791534205,50.7907265248368,55.63720900340202,50.72924894582752,125083.0,125083.0
2023-08-01,49.21280199693184,50.657525103650016,51.99978557868605,49.21280199693184,95829.0,95829.0
2023-08-02,50.821465314341445,48.76196641753043,50.821465314341445,47.60413867952224,73999.0,73999.0
2023-08-03,47.65536999536332,46.33360204666371,48.46482478565222,46.30286325715907,68926.0,68926.0
2023-08-04,46.00572162528086,49.79683899752004,49.79683899752004,46.00572162528086,91791.0,91791.0
2023-08-07,48.67999631218471,49.489451102473616,51.69239768363963,48.6697500490165,63164.0,63164.0
2023-08-08,49.100093102081495,49.95053294504325,51.45673363077071,49.100093102081495,48834.0,48834.0
2023-08-09,49.653391313165045,49.182063207427205,50.60629378780895,47.85004899555938,34389.0,34389.0
2023-08-10,48.82344399653971,50.23742831375325,50.6472788404818,48.72098136485757,37304.0,37304.0
2023-08-11,49.694376365837904,50.44235357711752,51.415748578097855,49.57142120781933,33649.0,33649.0
2023-08-14,49.489451102473616,51.38500978859321,51.84609163116284,48.83369025970792,39435.0,39435.0
2023-08-15,51.04688310404215,51.04688310404215,51.64116636779856,49.70462262900612,23844.0,23844.0
2023-08-16,51.04688310404215,48.51605610149329,51.46697989393892,48.48531731198865,24944.0,24944.0
2023-08-17,48.167683153774014,49.79683899752004,50.36038347177181,48.167683153774014,25406.0,25406.0
2023-08-18,51.92806173650855,50.80097278800501,53.82362042262815,50.80097278800501,48985.0,48985.0
2023-08-21,50.63703257731359,49.59191373415576,51.23131584107,48.1574368906058,28334.0,28334.0
2023-08-22,49.28452583910934,47.573399890017605,50.50383115612681,46.24138567814979,29478.0,29478.0
2023-08-23,46.96887036309298,44.77617004509519,47.38896715298975,44.77617004509519,25375.0,25375.0
2023-08-24,44.90937146628196,44.284349413020905,45.257744414001245,43.26996935936772,17171.0,17171.0
2023-08-25,44.04868536015199,42.39903699006953,44.04868536015199,41.80475372631312,22152.0,22152.0
2023-08-28,46.108184256963,43.823267570451286,47.337735837148685,43.57735725441415,27445.0,27445.0
2023-08-29,43.73105120193736,47.67586252169974,47.67586252169974,43.49538714906844,26103.0,26103.0
2023-08-30,48.167683153774014,50.45259984028574,51.10836068305144,47.67586252169974,37963.0,37963.0
2023-08-31,49.79683899752004,49.889055366033965,52.21495710521855,49.4689585761372,22974.0,22974.0
2023-09-01,50.00176426088432,50.2066895242486,52.05101689452712,49.86856283969754,21979.0,21979.0
2023-09-04,49.807085260688254,50.03250305038896,50.493584892958594,48.43408599614758,18427.0,18427.0
2023-09-05,49.24354078643649,50.75998773533216,50.92392794602358,48.78245894386686,15005.0,15005.0
2023-09-06,49.56117494465112,50.89318915651894,51.31328594641571,49.49969736564184,11526.0,11526.0
2023-09-07,50.37062973494002,49.489451102473616,51.12885320938786,48.83369025970792,9252.0,9252.0
2023-09-08,48.87467531238079,49.17181694425899,50.2066895242486,48.1574368906058,7881.0,7881.0
2023-09-11,48.97713794406292,49.58166747098755,50.60629378780895,48.700488838521146,10970.0,10970.0
2023-09-12,50.00176426088432,49.79683899752004,50.60629378780895,49.30501836544577,8128.0,8128.0
2023-09-13,49.22304826010006,47.90128031140045,49.41772726029612,47.51192231100832,10541.0,10541.0
2023-09-14,47.4197059424944,45.90325899359872,47.90128031140045,45.47291594053374,14767.0,14767.0
2023-09-15,46.108184256963,44.86838641360911,46.72296004705584,44.66346115024483,8170.0,8170.0
2023-09-18,44.67370741341304,45.75981130924372,47.091825521111545,44.5712447817309,9510.0,9510.0
2023-09-19,46.108184256963,45.175774308655534,46.108184256963,44.63272236074019,7666.0,7666.0
2023-09-20,44.67370741341304,44.17164051817056,45.18602057182375,43.95646899163806,9873.0,9873.0
2023-09-21,43.94622272846985,43.905237675797,44.417550834207695,43.66957362292807,5790.0,5790.0
2023-09-22,43.690066149264496,44.7146924660859,45.1552817823191,42.91135014848024,9235.0,9235.0
2023-09-25,44.77617004509519,45.165528045487314,45.5958710985523,44.16139425500234,10519.0,10519.0
2023-09-26,45.00158783479589,44.70444620291769,45.75981130924372,44.5712447817309,6820.0,6820.0
2023-09-27,44.3458269920302,44.38681204470305,45.44217715102909,44.263856886684486,5361.0,5361.0
2023-09-28,44.47902841321697,44.03843909698377,45.26799067716945,43.93597646530164,6981.0,6981.0
2023-10-09,47.1328105737844,46.938131573588336,48.43408599614758,46.108184256963,30777.0,30777.0
2023-10-10,47.95251162724152,45.6675949407298,48.1574368906058,44.86838641360911,22518.0,22518.0
2023-10-11,45.86227394092587,45.63685615122516,46.51803478369156,45.03232662430054,12251.0,12251.0
2023-10-12,45.65734867756159,45.452423414197305,46.00572162528086,44.59173730806733,10987.0,10987.0
2023-10-13,45.13478925598267,45.54463978271124,45.78030383558016,44.58149104489912,10220.0,10220.0
2023-10-16,45.84178141458944,46.251631941318,47.28650452130761,45.21675936132839,14476.0,14476.0
2023-10-17,46.108184256963,43.5466184649095,46.51803478369156,43.0343053064988,17372.0,17372.0
2023-10-18,43.5466184649095,43.11627541184451,43.5466184649095,42.31706688472382,9275.0,9275.0
2023-10-19,42.77814872729345,42.82938004313452,43.96671525480628,42.614208516602034,5924.0,5924.0
2023-10-20,42.82938004313452,40.9133288306785,43.5466184649095,40.67766477780958,12129.0,12129.0
2023-10-23,40.523970830286366,40.63667972513672,41.5690896734442,39.9604263560346,10176.0,10176.0
2023-10-24,40.39076940909959,41.32317935740706,41.74327614730384,40.27806051424924,6549.0,6549.0
2023-10-25,41.73302988413562,40.83135872533279,41.73302988413562,40.66741851464136,9685.0,9685.0
2023-10-26,40.56495588295923,41.23096298889314,41.415395725921,39.78623988217496,8629.0,8629.0
2023-10-27,41.23096298889314,41.90721635799526,42.44002204274239,40.985052672856,11167.0,11167.0
2023-10-30,40.30879930375388,39.09974024990462,41.261701778397786,38.31077798595215,38017.0,38017.0
2023-10-31,39.1509715657457,36.80457730022469,39.43786693445569,36.14881645745899,43374.0,43374.0
2023-11-01,36.78408477388826,36.93777872141147,37.36812177447646,36.3742342471597,19637.0,19637.0
2023-11-02,36.98901003725254,36.16930898379542,37.480830669326814,36.14881645745899,14333.0,14333.0
2023-11-03,36.27177161547756,37.46033814299039,37.75747977486859,36.251279089141136,17716.0,17716.0
2023-11-06,37.84969614338252,39.60180714514711,39.90919504019354,37.84969614338252,32190.0,32190.0
2023-11-07,39.54032956613783,40.02190393504389,40.62643346196851,38.83333740753106,25917.0,25917.0
2023-11-08,39.75550109267032,40.5444633566228,41.97894020017276,39.75550109267032,26500.0,26500.0
2023-11-09,40.5444633566228,40.96456014651957,41.31293309423885,39.83747119801603,17352.0,17352.0
2023-11-10,40.5444633566228,39.847717461184246,40.933821357014935,39.32515803960533,16643.0,16643.0
2023-11-13,39.847717461184246,39.27392672376426,40.134612829894245,39.140725302577486,13786.0,13786.0
2023-11-14,39.27392672376426,41.03628398869707,41.34367188374349,39.18171035525034,24007.0,24007.0
2023-11-15,41.282194304734205,40.87234377800565,41.4973658312667,39.9604263560346,24218.0,24218.0
2023-11-16,40.63667972513672,39.970672619202816,41.11825409404278,39.970672619202816,15640.0,15640.0
2023-11-17,39.653038460988185,42.63470104293845,43.19824551719022,39.653038460988185,39324.0,39324.0
2023-11-20,42.214604253041685,41.11825409404278,42.214604253041685,40.64692598830494,32454.0,32454.0
2023-11-21,41.09776156770636,40.29855304058566,41.18997793622029,40.134612829894245,22530.0,22530.0
2023-11-22,40.16535161939888,39.36614309227819,40.36003061959495,38.94604630238141,18896.0,18896.0
2023-11-23,39.32515803960533,41.4973658312667,42.42977577957417,39.17146409208212,34973.0,34973.0
2023-11-24,41.36416441007992,39.95018009286639,41.51785835760313,39.81697867167961,21369.0,21369.0
2023-11-27,39.95018009286639,40.04239646138032,40.84160498850101,39.20220288158677,22162.0,22162.0
2023-11-28,40.34978435642674,42.38879072690132,42.5937159902656,40.33953809325852,41331.0,41331.0
2023-11-29,45.0835579401416,43.30070814887237,45.80079636191658,42.93184267481666,44133.0,44133.0
2023-11-30,42.9625814643213,42.614208516602034,43.32120067520879,41.57933593661241,23590.0,23590.0
2023-12-01,42.27608183205096,42.32731314789204,43.75154372827379,41.59982846294884,20568.0,20568.0
2023-12-04,42.10189535819133,41.23096298889314,42.214604253041685,40.99529893602421,12118.0,12118.0
2023-12-05,41.18997793622029,39.46860572396033,41.18997793622029,39.448113197623904,14476.0,14476.0
2023-12-06,39.46860572396033,39.05875519723177,40.06288898771674,39.007523881390696,12624.0,12624.0
2023-12-07,39.05875519723177,38.700135986344286,39.05875519723177,38.50545698614821,8004.0,8004.0
2023-12-08,38.700135986344286,38.30053172278394,39.38663561861461,38.11609898575608,10883.0,10883.0
2023-12-11,38.208315354270006,38.91530751287677,39.28417298693248,38.208315354270006,10082.0,10082.0
2023-12-12,38.83333740753106,38.99727761822249,39.10998651307284,38.53619577565286,8950.0,8950.0
2023-12-13,38.9358000392132,38.74112103901714,39.08949398673641,38.60791961783036,8050.0,8050.0
2023-12-14,38.78210609168999,38.0546214067468,39.140725302577486,38.0546214067468,7455.0,7455.0
2023-12-15,38.0546214067468,37.40910682714932,38.351763038625,37.27590540596253,9158.0,9158.0
2023-12-18,37.40910682714932,37.26565914279432,37.79846482754145,37.1017189321029,6165.0,6165.0
2023-12-19,37.63452461685002,37.25541287962611,37.64477088001824,36.814823563392906,5329.0,5329.0
2023-12-20,38.47471819664357,38.62841214416679,39.735008566333896,37.9111737223918,22697.0,22697.0
2023-12-21,38.62841214416679,38.49521072298,38.78210609168999,37.69600219585931,12567.0,12567.0
2023-12-22,38.29028545961572,37.3988605639811,38.50545698614821,37.31689045863539,10862.0,10862.0
2023-12-25,37.19393530061682,37.45009187982217,37.80871109070966,36.999256300420754,5191.0,5191.0
2023-12-26,37.4705844061586,36.34349545765506,37.4705844061586,36.27177161547756,8551.0,8551.0
2023-12-27,36.486943142010055,35.88241361508543,36.55866698418755,35.67748835172115,9208.0,9208.0
2023-12-28,35.91315240459007,38.40299435446607,39.140725302577486,35.75945845706686,19997.0,19997.0
2023-12-29,38.280039196447504,39.90919504019354,39.93993382969817,38.03412888041037,15635.0,15635.0
2024-01-02,40.288306777417446,38.40299435446607,40.4727395144453,38.280039196447504,11301.0,11301.0
2024-01-03,38.29028545961572,37.38861430081289,38.33127051228857,37.18368903744861,8517.0,8517.0
2024-01-04,37.31689045863539,37.23492035328968,37.70624845902752,36.89679366873861,4495.0,4495.0
2024-01-05,37.34762924814004,37.091472668934685,37.88043493288716,36.94802498457969,7992.0,7992.0
2024-01-08,36.8865474055704,36.39472677349613,37.43984561665396,36.38448051032791,4751.0,4751.0
2024-01-09,36.39472677349613,36.60989830002862,37.55255451150431,36.39472677349613,5528.0,5528.0
2024-01-10,37.1017189321029,37.30664419546717,38.013636354073945,36.02586129944042,7396.0,7396.0
2024-01-11,37.24516661645789,38.64890467050321,39.08949398673641,37.22467409012146,10980.0,10980.0
2024-01-12,38.46447193347536,37.58329330100895,38.96653882871784,37.573047037840745,8119.0,8119.0
2024-01-15,37.34762924814004,37.921419985560014,37.921419985560014,36.599652036860405,5386.0,5386.0
2024-01-16,37.51156945883145,38.92555377604499,39.007523881390696,37.480830669326814,9201.0,9201.0
2024-01-17,38.73087477584892,37.68575593269109,38.73087477584892,37.64477088001824,7073.0,7073.0
2024-01-18,37.40910682714932,37.55255451150431,38.29028545961572,36.8865474055704,8945.0,8945.0
2024-01-19,39.919441303361744,41.00554519919243,42.00967898967741,39.407128144951045,40036.0,40036.0
2024-01-22,40.70840356731422,38.52594951248464,41.415395725921,37.74723351170038,31499.0,31499.0
2024-01-23,38.02388261724216,37.04024135309361,38.91530751287677,36.18980151013185,28990.0,28990.0
2024-01-24,36.93777872141147,36.8865474055704,38.23905414377465,35.75945845706686,23820.0,23820.0
2024-01-25,36.8865474055704,36.36398798399149,36.91728619507504,35.54428693053436,31121.0,31121.0
2024-01-26,35.861921088749,33.484788033723355,36.05660008894507,33.35158661253657,47288.0,47288.0
2024-01-29,34.21227271866655,32.921243559471584,34.611876982226896,32.66508698026623,21771.0,21771.0
2024-01-30,32.42942292739731,31.95809482165947,32.910997296303364,31.7634158214634,15373.0,15373.0
2024-01-31,31.91710976898661,30.2264763462313,32.2757289798741,30.19573755672666,15473.0,15473.0
2024-02-01,30.12401371454916,30.2264763462313,31.251102663052706,29.498991661288105,16522.0,16522.0
2024-02-02,30.2264763462313,28.46411908129849,30.779774557314852,27.316537606458525,25359.0,25359.0
2024-02-05,27.685403080514227,25.666889236376072,27.972298449224223,25.615657920535,30169.0,30169.0
2024-02-06,25.666889236376072,27.83909702803744,28.669044344662773,24.28364370866718,28461.0,28461.0
2024-02-07,27.54195539615923,28.146484923083857,30.40066282009094,27.48047781714995,31684.0,31684.0
2024-02-08,28.433380291793853,30.964207294342707,31.927356032154822,26.7120080795339,35984.0,35984.0
2024-02-19,30.871990925828783,30.790020820483072,31.45602792641698,30.30844645157701,21292.0,21292.0
2024-02-20,30.749035767810216,30.841252136324144,30.94371476800628,29.68342439831596,16038.0,16038.0
2024-02-21,30.277707662072373,31.73267703195876,32.73681082244373,30.23672260939952,23530.0,23530.0
2024-02-22,31.35356529473484,31.96834108482768,32.55237808541588,31.189625084043417,14450.0,14450.0
2024-02-23,32.55237808541588,34.22251898183476,34.48892182420832,32.53188555907945,37208.0,37208.0
2024-02-26,34.63236950856332,34.27375029767583,35.472563088356864,33.843407244610844,22355.0,22355.0
2024-02-27,35.605764509543654,35.98487624676757,36.568913247355766,35.24714529865616,25251.0,25251.0
2024-02-28,35.70822714122579,33.61798945491014,36.47669687884184,33.61798945491014,29055.0,29055.0
2024-02-29,33.11592255966765,35.124190140637594,35.18566771964688,32.798288401453014,15041.0,15041.0
2024-03-01,35.55453319370258,36.98901003725254,37.34762924814004,34.9807424562826,26370.0,26370.0
2024-03-04,36.5894057736922,37.45009187982217,37.9828975645693,36.10783140478614,23889.0,23889.0
2024-03-05,36.40497303666434,37.05048761626182,37.9111737223918,36.3742342471597,11883.0,11883.0
2024-03-06,36.42546556300077,36.41521929983256,37.36812177447646,36.17955524696364,9926.0,9926.0
2024-03-07,36.046353825776855,35.70822714122579,37.35787551130824,35.50330187786151,14462.0,14462.0
2024-03-08,35.861921088749,35.08320508796474,36.3742342471597,35.042220035291884,19280.0,19280.0
2024-03-11,35.21640650915152,35.7901972465715,36.16930898379542,34.9090186141051,14960.0,14960.0
2024-03-12,35.67748835172115,37.419353090317536,38.26979293327929,35.67748835172115,17732.0,17732.0
2024-03-13,37.43984561665396,37.63452461685002,38.73087477584892,37.42959935348574,15220.0,15220.0
2024-03-14,37.40910682714932,37.55255451150431,39.05875519723177,36.999256300420754,11563.0,11563.0
2024-03-15,37.26565914279432,38.17757656476536,38.32102424912036,37.091472668934685,7688.0,7688.0
2024-03-18,38.33127051228857,39.243187934259616,39.41737440811926,37.99314382773751,11209.0,11209.0
2024-03-19,39.28417298693248,38.88456872337213,39.68377725049282,38.4234868808025,9465.0,9465.0
2024-03-20,38.71038224951249,40.06288898771674,40.15510535623066,38.71038224951249,13059.0,13059.0
2024-03-21,39.9604263560346,39.9604263560346,40.22682919840816,39.34565056594176,8794.0,8794.0
2024-03-22,39.89894877702532,39.05875519723177,39.89894877702532,37.70624845902752,17384.0,17384.0
2024-03-25,38.94604630238141,38.21856161743822,38.98703135505427,37.62427835368181,13147.0,13147.0
2024-03-26,37.77797230120502,37.84969614338252,38.73087477584892,37.40910682714932,8302.0,8302.0
2024-03-27,37.972651301401086,36.005368773104,38.26979293327929,35.94389119409471,10735.0,10735.0
2024-03-28,35.861921088749,36.02586129944042,36.72260719487898,35.66724208855294,13141.0,13141.0
2024-03-29,36.34349545765506,36.34349545765506,36.83531608972933,35.75945845706686,7370.0,7370.0
2024-04-01,36.3742342471597,36.68162214220612,37.37836803764467,36.27177161547756,9611.0,9611.0
2024-04-02,36.68162214220612,36.3742342471597,36.68162214220612,35.923398667758285,6033.0,6033.0
2024-04-03,35.98487624676757,35.800443509739715,36.35374172082327,35.25739156182437,7675.0,7675.0
2024-04-08,36.005368773104,35.51354814102972,36.21029403646829,35.10369761430116,5378.0,5378.0
2024-04-09,35.646749562216506,36.14881645745899,36.36398798399149,35.32911540400187,3782.0,3782.0
2024-04-10,36.55866698418755,34.82704850875939,36.57915951052399,34.5401531400494,5480.0,5480.0
2024-04-11,34.82704850875939,34.171287665993695,35.14468266697402,34.120056350152616,6746.0,6746.0
2024-04-12,34.50941435054475,34.724585877077246,35.206160245983305,34.50941435054475,4569.0,4569.0
2024-04-15,34.324981613516904,33.62823571807835,35.001234982619025,32.839273454125866,8435.0,8435.0
2024-04-16,33.29010903352729,31.568736821267333,33.29010903352729,31.44578166324877,9525.0,9525.0
2024-04-17,31.568736821267333,32.42942292739731,32.99296740164908,31.50725924225805,13148.0,13148.0
2024-04-18,32.37819161155624,32.73681082244373,33.566758139069066,31.4662741895852,13518.0,13518.0
2024-04-19,32.53188555907945,31.722430768790545,32.675333243434444,31.45602792641698,7207.0,7207.0
2024-04-22,31.558490558099123,32.2757289798741,32.57287061175231,30.851498399492357,7685.0,7685.0
2024-04-23,32.33720655888338,33.77168340243335,34.15079513965726,32.33720655888338,9861.0,9861.0
2024-04-24,33.77168340243335,33.60774319174192,34.120056350152616,33.402817928377644,7622.0,7622.0
2024-04-25,33.47454177055514,33.761437139265134,34.38645919252619,33.39257166520943,8411.0,8411.0
2024-04-26,34.63236950856332,34.81680224559117,35.13443640380581,33.60774319174192,14268.0,14268.0
2024-04-29,34.75532466658189,36.39472677349613,37.00950256358897,34.73483214024546,15469.0,15469.0
2024-04-30,35.9336449309265,35.33936166717009,36.486943142010055,35.07295882479652,11374.0,11374.0
2024-05-06,35.861921088749,35.452070562020445,36.91728619507504,34.95000366677795,19211.0,19211.0
2024-05-07,36.01561503627221,35.359854193506514,36.11807766795435,35.001234982619025,10338.0,10338.0
2024-05-08,35.14468266697402,33.884392297283696,35.452070562020445,33.8126684551062,10960.0,10960.0
2024-05-09,34.017593718470486,34.38645919252619,35.042220035291884,33.98685492896584,7448.0,7448.0
2024-05-10,34.69384708757261,33.86389977094727,34.796309719254744,33.82291471827441,5219.0,5219.0
2024-05-13,33.65897450758299,32.46016171690195,33.720452086592275,32.33720655888338,10241.0,10241.0
2024-05-14,32.65484071709802,32.33720655888338,32.72656455927552,32.13228129551911,5563.0,5563.0
2024-05-15,32.25523645353768,31.47652045275341,32.73681082244373,31.097408715529493,13123.0,13123.0
2024-05-16,31.4662741895852,31.189625084043417,31.66095318978126,30.92322224166985,10265.0,10265.0
2024-05-17,31.251102663052706,31.78390834779983,32.4191766642291,30.667065662464505,15415.0,15415.0
2024-05-20,31.47652045275341,30.68755818880093,31.71218450562233,30.10352118821273,20498.0,20498.0
2024-05-21,30.68755818880093,30.75928203097843,30.94371476800628,30.205983819894875,11105.0,11105.0
2024-05-22,30.749035767810216,30.933468504838068,31.04617739968842,30.390416556922727,8859.0,8859.0
2024-05-23,30.933468504838068,30.34943150424987,31.107654978697703,30.30844645157701,8638.0,8638.0
2024-05-24,30.205983819894875,29.550222977129177,30.431401609595586,29.498991661288105,9559.0,9559.0
2024-05-27,29.60145429297025,29.53997671396096,29.847364609007386,29.027663555550262,9040.0,9040.0
2024-05-28,29.68342439831596,29.11987992406419,29.693670661484173,28.86372334485884,9046.0,9046.0
2024-05-29,28.93544718703633,29.68342439831596,30.07278239870809,28.93544718703633,9268.0,9268.0
2024-05-30,29.970319767025952,30.30844645157701,30.48263292543665,29.386282766437752,9841.0,9841.0
2024-05-31,30.19573755672666,30.790020820483072,31.11790124186592,29.816625819502743,8575.0,8575.0
2024-06-03,29.990854529866297,29.534295513004327,30.183623892541352,29.32123463846874,10053.0,10053.0
2024-06-04,29.50385824521353,29.28065161474768,29.63575307230699,28.702343526722515,7871.0,7871.0
2024-06-05,29.37196341812007,28.783509574164643,29.4226921977714,28.783509574164643,5058.0,5058.0
2024-06-06,28.783509574164643,28.042869391255227,29.006716204630496,27.697913689626183,9205.0,9205.0
2024-06-07,27.95155758788283,28.286367533581608,29.016861960560764,27.95155758788283,4330.0,4330.0
2024-06-11,28.06316090311576,28.529865675907995,28.600885967419856,27.180480137182613,5941.0,5941.0
2024-06-12,28.519719919977728,28.81394684195544,29.300943126608207,28.30665904544214,5673.0,5673.0
2024-06-13,28.702343526722515,29.77779365533071,30.396684767076938,28.69219777079225,10367.0,10367.0
2024-06-14,29.38210917405034,29.33138039439901,29.605315804516188,28.773363818234376,11971.0,11971.0
2024-06-17,29.016861960560764,28.661760503001453,29.04729922835156,28.570448699629058,8925.0,8925.0
2024-06-18,28.773363818234376,29.016861960560764,29.09802800800289,28.56030294369879,8059.0,8059.0
2024-06-19,28.9154044012581,28.30665904544214,28.99657044870023,28.09359817090656,9192.0,9192.0
2024-06-20,28.205201486139483,28.96613318090943,29.240068591026613,27.83995427264991,11414.0,11414.0
2024-06-21,28.854529865676508,28.195055730209216,28.86467562160677,28.06316090311576,7155.0,7155.0
2024-06-24,28.08345241497629,26.703629608460115,28.12403543869735,26.68333809659958,7691.0,7691.0
2024-06-25,26.64275507287852,26.460131466133728,27.06887682194969,26.20648756787708,6147.0,6147.0
2024-06-26,26.22677907973761,27.484852815090598,27.56601886253273,26.22677907973761,8082.0,8082.0
2024-06-27,27.484852815090598,26.8558159474141,27.5152900828814,26.794941411832507,5102.0,5102.0
2024-06-28,26.794941411832507,26.957273506716763,27.52543583881166,26.774649899971976,5032.0,5032.0
2024-07-01,26.957273506716763,26.35867390683107,27.16018862532208,26.02386396113229,7754.0,7754.0
2024-07-02,26.35867390683107,26.094884252644157,26.470277222063995,26.08473849671389,4301.0,4301.0
2024-07-03,26.054301228923087,25.881823378108567,26.35867390683107,25.881823378108567,3458.0,3458.0
2024-07-04,25.881823378108567,25.3948270934558,26.23692483566788,25.110745927408352,5647.0,5647.0
2024-07-05,25.29336953415314,25.536867676479524,25.861531866248036,25.039725635896488,4622.0,4622.0
2024-07-08,25.638325235782183,24.968705344384627,25.66876250357298,24.80637324950037,5146.0,5146.0
2024-07-09,25.049871391826755,25.699199771363777,25.861531866248036,24.35995998856867,7699.0,7699.0
2024-07-10,25.699199771363777,25.89196913403883,26.58188053729692,25.699199771363777,6243.0,6243.0
2024-07-11,26.27750785938894,26.68333809659958,26.84567019148384,26.22677907973761,7410.0,7410.0
2024-07-12,26.58188053729692,26.53115175764559,27.08916833381022,26.3789654186916,4430.0,4430.0
2024-07-15,26.429694198342933,25.952843669620428,26.71377536439038,25.8716776221783,4750.0,4750.0
2024-07-16,25.952843669620428,25.77022006287564,26.20648756787708,25.364389825665,4940.0,4940.0
2024-07-17,25.810803086596707,25.29336953415314,25.881823378108567,25.181766218920213,4707.0,4707.0
2024-07-18,25.303515290083407,25.44555587310713,25.56730494427032,24.674478422406917,4081.0,4081.0
2024-07-19,25.34409831380447,25.55715918834005,26.03400971706256,25.181766218920213,5539.0,5539.0
2024-07-22,25.55715918834005,25.3948270934558,25.72963703915457,25.242640754501807,5224.0,5224.0
2024-07-23,25.56730494427032,24.593312374964786,25.59774221206112,24.58316661903452,5460.0,5460.0
2024-07-24,24.37010574449893,23.46713346670526,24.593312374964786,23.426550442984198,6838.0,6838.0
2024-07-25,23.3352386396118,23.142469276936747,24.04544155473042,23.03086596170382,9880.0,9880.0
2024-07-26,23.051157473564352,23.751214632752703,24.78608173763984,23.051157473564352,19941.0,19941.0
2024-07-29,23.528008002286857,22.98013718205249,23.720777364961908,22.878679622749832,14214.0,14214.0
2024-07-30,22.91926264647089,23.132323521006484,23.3352386396118,22.83809659902877,9056.0,9056.0
2024-07-31,23.132323521006484,24.187482137754145,24.187482137754145,22.8583881108893,17508.0,17508.0
2024-08-01,24.187482137754145,23.95412975135803,24.877393541012232,23.751214632752703,14640.0,14640.0
2024-08-02,23.274364104030205,22.665618748214246,23.43669619891446,22.33080880251547,27672.0,27672.0
2024-08-05,22.3815375821668,21.69162617890871,22.868533866819565,21.69162617890871,19759.0,19759.0
2024-08-06,21.995998856816687,21.38725350100073,22.21920548728254,21.052443555301952,28606.0,28606.0
2024-08-07,21.3669619891402,21.184338382395406,21.45827379251259,20.900257216347963,22733.0,22733.0
2024-08-08,21.164046870534875,20.981423263790088,21.164046870534875,20.656759074021576,18179.0,18179.0
2024-08-09,21.072735067162483,20.74807087739397,21.245212917977007,20.74807087739397,9433.0,9433.0
2024-08-12,20.74807087739397,20.626321806230777,20.8292369248361,20.52486424692812,10826.0,10826.0
2024-08-13,20.646613318091312,20.585738782509715,20.68719634181237,20.25092883681094,10263.0,10263.0
2024-08-14,20.585738782509715,20.504572735067587,20.585738782509715,20.20020005715961,10582.0,10582.0
2024-08-15,20.504572735067587,20.21034581308988,20.595884538439982,20.14947127750828,19436.0,19436.0
2024-08-16,20.22049156902014,19.91611889111216,20.31180337239253,19.885681623321364,12182.0,12182.0
2024-08-19,19.98713918262402,19.875535867391093,20.20020005715961,19.774078308088438,11010.0,11010.0
2024-08-20,19.895827379251628,19.337810803086995,19.94655615890296,19.32766504715673,12388.0,12388.0
2024-08-21,19.337810803086995,19.195770220063277,19.368248070877797,19.033438125179018,8857.0,8857.0
2024-08-22,19.2769362675054,19.04358388110928,19.439268362389654,18.992855101457952,11365.0,11365.0
2024-08-23,18.97256358959742,19.246498999714603,19.32766504715673,18.769648470992102,12106.0,12106.0
2024-08-26,18.97256358959742,18.576879108317044,19.02329236924875,18.44498428122359,23983.0,23983.0
2024-08-27,18.536296084595985,18.627607887968377,18.759502715061835,18.2623606744788,15591.0,15591.0
2024-08-28,18.44498428122359,18.343526721920927,18.72906544727104,18.3232352100604,12110.0,12110.0
2024-08-29,18.37396398971173,18.71891969134077,18.789939982852637,18.242069162618268,16409.0,16409.0
2024-08-30,18.87110603029476,19.195770220063277,19.47985138611072,18.66819091168944,24832.0,24832.0
2024-09-02,19.185624464133006,18.87110603029476,19.23635324378434,18.850814518434227,14004.0,14004.0
2024-09-03,18.72906544727104,19.114604172621146,19.195770220063277,18.72906544727104,11211.0,11211.0
2024-09-04,19.114604172621146,19.621891969134445,19.94655615890296,19.09431266076061,32933.0,32933.0
2024-09-05,19.632037725064716,19.8146613318095,20.281366104601734,19.632037725064716,24268.0,24268.0
2024-09-06,19.774078308088438,19.3986853386686,20.03786796227535,19.37839382680806,15513.0,15513.0
2024-09-09,19.2769362675054,19.124749928551413,19.45955987425019,19.074021148900083,8695.0,8695.0
2024-09-10,19.145041440411944,19.013146613318483,19.2769362675054,18.627607887968377,16857.0,16857.0
2024-09-11,19.124749928551413,19.2769362675054,19.55087167762258,18.7392112032013,12678.0,12678.0
2024-09-12,19.246498999714603,19.04358388110928,19.45955987425019,19.04358388110928,11028.0,11028.0
2024-09-13,19.13489568448168,18.42469276936306,19.13489568448168,18.394255501572257,10212.0,10212.0
2024-09-18,18.414547013432788,18.2623606744788,18.51600457273545,17.947842240640558,11170.0,11170.0
2024-09-19,18.455130037153857,18.414547013432788,18.617462132038117,18.05944555587348,15254.0,15254.0
2024-09-20,18.505858816805183,18.556587596456517,18.66819091168944,18.2623606744788,14914.0,14914.0
2024-09-23,18.46527579308412,18.03915404401295,18.47542154901439,17.96813375250109,15324.0,15324.0
2024-09-24,17.96813375250109,18.840668762503963,18.840668762503963,17.937696484710287,21403.0,21403.0
2024-09-25,19.55087167762258,20.03786796227535,21.3060874535586,19.55087167762258,60936.0,60936.0
2024-09-26,19.98713918262402,20.981423263790088,21.09302657902301,19.7842240640187,78200.0,78200.0
2024-09-27,21.3060874535586,22.14818519577068,22.16847670763121,21.08288082309275,36517.0,36517.0
2024-09-30,24.238210917405475,25.922406401829637,25.922406401829637,22.62503572449318,93084.0,93084.0
2024-10-08,30.89382680765997,29.25021434695688,30.944555587311303,26.074592740783626,91431.0,91431.0
2024-10-09,27.3935410117182,25.364389825665,28.38782509288427,25.364389825665,59057.0,59057.0
2024-10-10,25.678908259503245,26.00357244927176,26.571734781366654,24.512146327522657,53365.0,53365.0
2024-10-11,25.902114889969106,27.190625893112884,29.716919119749114,24.27879394112654,97655.0,97655.0
2024-10-14,25.364389825665,26.551443269506127,26.58188053729692,24.63389539868585,69838.0,69838.0
2024-10-15,26.53115175764559,26.03400971706256,27.04858531008916,25.902114889969106,30164.0,30164.0
2024-10-16,25.64847099171245,25.222349242641275,25.902114889969106,25.16147470705968,30042.0,30042.0
2024-10-17,25.486138896828194,25.38468133752553,25.82094884252697,25.27307802229261,26086.0,26086.0
2024-10-18,24.867247785081968,26.27750785938894,26.84567019148384,24.674478422406917,49697.0,49697.0
2024-10-21,28.428408116605333,27.56601886253273,29.21977707916608,27.3935410117182,117099.0,117099.0
2024-10-22,26.97756501857729,26.449985710203464,26.98771077450756,25.64847099171245,72503.0,72503.0
2024-10-23,26.429694198342933,26.693483852529845,26.98771077450756,26.115175764504684,36638.0,36638.0
2024-10-24,26.76450414404171,26.17605030008628,26.76450414404171,25.973135181480963,25345.0,25345.0
2024-10-25,26.551443269506127,26.3789654186916,26.86596170334437,26.186196056016545,28150.0,28150.0
2024-10-28,26.460131466133728,26.22677907973761,26.66304658473905,26.08473849671389,30867.0,30867.0
2024-10-29,26.36881966276133,25.364389825665,26.36881966276133,25.242640754501807,44321.0,44321.0
2024-10-30,25.364389825665,25.56730494427032,25.91226064589937,25.070162903687287,32604.0,32604.0
2024-10-31,25.760074306945377,25.374535581595268,25.760074306945377,25.070162903687287,32359.0,32359.0
2024-11-01,25.049871391826755,24.4411260360108,25.34409831380447,24.29908545298707,26594.0,26594.0
2024-11-04,24.644041154616115,25.709345527294044,25.810803086596707,24.63389539868585,31506.0,31506.0
2024-11-05,25.83109459845724,26.115175764504684,26.247070591598145,25.27307802229261,28955.0,28955.0
2024-11-06,26.27750785938894,26.247070591598145,27.08916833381022,25.952843669620428,37283.0,37283.0
2024-11-07,26.17605030008628,26.58188053729692,26.58188053729692,25.952843669620428,23537.0,23537.0
2024-11-08,26.17,26.15,26.79,26.05,29508.0,29508.0
2024-11-11,26.14,28.0,28.27,26.05,49868.0,49868.0
2024-11-12,28.6,27.45,28.82,27.16,35160.0,35160.0
2024-11-13,27.03,27.84,28.15,26.86,25379.0,25379.0
2024-11-14,27.79,26.59,27.99,26.46,26351.0,26351.0
2024-11-15,26.58,25.66,26.58,25.6,26514.0,26514.0
2024-11-18,25.98,25.31,25.98,25.0,17558.0,17558.0
2024-11-19,25.9,26.64,26.74,25.46,22474.0,22474.0
2024-11-20,26.6,26.75,26.95,26.26,16983.0,16983.0
2024-11-21,26.79,26.49,26.86,26.3,15495.0,15495.0
2024-11-22,26.4,25.3,26.76,25.3,16477.0,16477.0
2024-11-25,25.77,26.95,27.52,25.46,38139.0,38139.0
2024-11-26,27.05,25.89,27.1,25.7,21522.0,21522.0
2024-11-27,25.63,26.45,26.82,25.44,20436.0,20436.0
2024-11-28,26.44,26.49,26.98,26.18,17910.0,17910.0
2024-11-29,26.22,27.09,27.82,26.19,27707.0,27707.0
2024-12-02,27.9,28.96,29.38,27.63,67244.0,67244.0
2024-12-03,28.85,29.13,29.8,28.8,37867.0,37867.0
2024-12-04,29.14,28.44,29.75,28.3,21120.0,21120.0
2024-12-05,28.39,28.9,29.8,28.3,31229.0,31229.0
2024-12-06,28.79,28.75,29.13,28.17,21194.0,21194.0
2024-12-09,28.18,27.9,28.45,27.7,24103.0,24103.0
2024-12-10,28.67,28.14,29.06,28.0,29961.0,29961.0
2024-12-11,28.11,28.15,28.45,27.73,33871.0,33871.0
2024-12-12,28.39,27.83,28.51,27.81,37860.0,37860.0
2024-12-13,27.76,27.62,28.87,27.42,110668.0,110668.0
2024-12-16,27.68,25.93,27.88,25.75,45324.0,45324.0
2024-12-17,25.79,25.82,26.33,25.77,19405.0,19405.0
2024-12-18,26.17,25.27,26.17,25.15,21904.0,21904.0
2024-12-19,25.5,24.86,25.5,24.51,23625.0,23625.0
2024-12-20,24.88,24.54,25.14,24.51,19960.0,19960.0
2024-12-23,24.58,24.01,24.75,23.92,21378.0,21378.0
2024-12-24,24.03,24.3,24.42,23.97,16014.0,16014.0
2024-12-25,24.2,24.44,24.44,24.11,13892.0,13892.0
2024-12-26,24.47,24.78,24.98,24.45,13994.0,13994.0
2024-12-27,24.87,24.18,24.93,23.93,29960.0,29960.0
2024-12-30,24.18,23.64,24.18,23.41,30029.0,30029.0
2024-12-31,23.7,23.54,23.84,23.2,25948.0,25948.0
2025-01-02,23.32,22.94,23.8,22.52,15518.0,15518.0
2025-01-03,22.92,22.96,23.39,22.61,14740.0,14740.0
2025-01-06,22.82,22.61,23.02,22.35,12906.0,12906.0
2025-01-07,22.68,22.27,22.72,22.15,13816.0,13816.0
2025-01-08,22.27,24.36,24.6,21.25,48316.0,48316.0
2025-01-09,24.36,26.4,28.22,23.95,97649.0,97649.0
2025-01-10,25.67,24.9,26.8,23.93,83103.0,83103.0
2025-01-13,24.2,23.78,24.9,23.4,44969.0,44969.0
2025-01-14,23.66,25.84,26.33,23.66,59070.0,59070.0
2025-01-15,26.0,25.64,26.05,25.1,35418.0,35418.0
2025-01-16,25.97,24.75,26.04,24.69,42462.0,42462.0
2025-01-17,24.76,25.13,25.33,24.5,23290.0,23290.0
2025-01-20,25.15,24.41,25.44,24.11,40977.0,40977.0
2025-01-21,24.5,25.89,26.25,24.17,59568.0,59568.0
2025-01-22,26.0,25.35,26.3,25.14,33240.0,33240.0
2025-01-23,25.35,25.2,26.48,25.2,37604.0,37604.0
2025-01-24,25.1,25.83,25.97,25.1,29927.0,29927.0
2025-01-27,25.51,24.91,25.78,24.91,22836.0,22836.0
2025-02-05,25.05,24.78,25.74,24.69,28404.0,28404.0
2025-02-06,24.92,26.12,26.28,24.68,48396.0,48396.0
2025-02-07,25.92,26.98,26.98,25.68,54279.0,54279.0
2025-02-10,27.03,26.27,27.17,26.2,44425.0,44425.0
2025-02-11,26.28,25.85,26.29,25.35,35104.0,35104.0
2025-02-12,25.8,26.05,26.18,25.46,31123.0,31123.0
2025-02-13,26.1,25.3,26.1,25.18,38065.0,38065.0
2025-02-14,25.3,24.99,25.69,24.83,32319.0,32319.0
2025-02-17,25.13,24.92,25.3,24.61,31232.0,31232.0
2025-02-18,25.0,24.32,25.19,24.12,28652.0,28652.0
2025-02-19,24.35,25.73,25.97,24.21,55176.0,55176.0
2025-02-20,25.72,26.74,27.05,25.33,76547.0,76547.0
2025-02-21,27.0,28.01,28.28,26.52,82602.0,82602.0
2025-02-24,28.68,29.9,30.78,28.68,132959.0,132959.0
2025-02-25,29.42,29.44,30.48,29.1,74253.0,74253.0
2025-02-26,29.36,29.78,30.1,28.6,71405.0,71405.0
2025-02-27,29.98,30.46,31.48,29.62,84058.0,84058.0
2025-02-28,30.28,30.1,30.56,29.0,70005.0,70005.0
2025-03-03,30.1,29.25,30.9,29.25,60650.0,60650.0
2025-03-04,29.0,30.0,30.37,28.75,47571.0,47571.0
2025-03-05,30.07,32.2,32.2,29.75,110819.0,110819.0
2025-03-06,32.58,31.71,32.61,31.47,70539.0,70539.0
2025-03-07,31.45,31.01,31.89,30.2,60497.0,60497.0
2025-03-10,30.9,31.46,31.58,30.5,41297.0,41297.0
2025-03-11,30.79,30.78,31.39,29.95,41697.0,41697.0
2025-03-12,31.22,31.95,33.79,30.88,110647.0,110647.0
2025-03-13,31.76,30.66,32.75,30.5,60052.0,60052.0
2025-03-14,30.5,31.12,31.3,29.71,48328.0,48328.0
2025-03-17,31.12,31.51,31.56,30.01,42524.0,42524.0
2025-03-18,31.42,30.75,32.49,30.58,59907.0,59907.0
2025-03-19,30.93,30.15,31.35,30.01,34873.0,34873.0
2025-03-20,30.1,29.38,30.43,29.26,53964.0,53964.0
2025-03-21,30.0,28.59,30.1,28.02,51883.0,51883.0
2025-03-24,28.42,27.54,28.85,27.13,47834.0,47834.0
2025-03-25,27.6,27.15,27.9,26.88,35867.0,35867.0
2025-03-26,27.14,27.2,27.77,27.05,25917.0,25917.0
2025-03-27,27.45,26.95,27.62,26.83,24016.0,24016.0
2025-03-28,27.5,26.5,27.55,26.36,53592.0,53592.0
2025-03-31,26.31,26.44,26.72,25.91,26668.0,26668.0
2025-04-01,26.44,26.2,26.69,26.11,27297.0,27297.0
2025-04-02,26.22,26.35,26.85,26.02,26502.0,26502.0
2025-04-03,25.98,25.71,26.53,25.44,21839.0,21839.0
2025-04-07,24.0,22.04,24.98,21.0,55294.0,55294.0
2025-04-08,22.31,22.18,23.19,21.83,53144.0,53144.0
2025-04-09,22.0,22.07,22.4,20.89,42005.0,42005.0
2025-04-10,22.73,22.62,23.45,22.5,34024.0,34024.0
2025-04-11,22.57,23.28,23.76,22.54,35291.0,35291.0
2025-04-14,23.45,23.02,23.81,22.94,42174.0,42174.0
2025-04-15,23.03,23.95,24.14,22.95,39444.0,39444.0
2025-04-16,23.86,23.65,24.14,23.33,26663.0,26663.0
2025-04-17,23.65,23.58,24.03,23.43,17603.0,17603.0
2025-04-18,23.5,23.21,23.56,23.01,21553.0,21553.0
2025-04-21,23.31,23.77,23.85,22.96,17170.0,17170.0
2025-04-22,23.76,23.82,24.07,23.52,19589.0,19589.0
2025-04-23,23.99,24.41,24.78,23.99,20170.0,20170.0
2025-04-24,24.55,24.04,24.55,23.89,13136.0,13136.0
2025-04-25,23.88,24.12,24.47,23.67,19604.0,19604.0
2025-04-28,24.12,23.5,24.12,23.48,14124.0,14124.0
2025-04-29,23.65,23.75,24.2,23.48,19307.0,19307.0
2025-04-30,23.76,24.24,24.38,23.76,14418.0,14418.0
2025-05-06,24.39,25.08,25.2,24.3,24655.0,24655.0
2025-05-07,25.38,25.08,25.67,24.91,20713.0,20713.0
2025-05-08,25.28,25.65,26.01,25.14,30531.0,30531.0
2025-05-09,25.76,25.16,25.97,25.07,16176.0,16176.0
2025-05-12,25.48,25.6,25.94,25.36,13595.0,13595.0
2025-05-13,25.86,25.28,25.86,25.21,15417.0,15417.0
2025-05-14,25.25,25.29,25.69,25.02,15030.0,15030.0
2025-05-15,25.15,25.0,25.21,24.85,13022.0,13022.0
2025-05-16,25.14,25.1,25.41,24.92,10862.0,10862.0
2025-05-19,25.3,25.37,25.49,24.89,14836.0,14836.0
2025-05-20,25.5,25.41,25.64,25.1,12471.0,12471.0
2025-05-21,25.34,25.51,25.7,25.17,10065.0,10065.0
2025-05-22,25.45,25.25,25.79,25.0,13003.0,13003.0
2025-05-23,25.09,24.85,25.56,24.76,14115.0,14115.0
2025-05-26,24.89,25.09,25.32,24.58,13743.0,13743.0
2025-05-27,25.05,25.08,25.25,24.86,11591.0,11591.0
2025-05-28,25.1,25.05,25.42,24.91,17274.0,17274.0
2025-05-29,25.0,25.56,25.67,25.0,14853.0,14853.0
2025-05-30,25.35,24.75,25.52,24.61,20267.0,20267.0
2025-06-03,24.63,24.62,25.27,24.58,15779.0,15779.0
2025-06-04,24.7,24.64,24.89,24.55,10905.0,10905.0
2025-06-05,24.64,24.95,25.05,24.53,10285.0,10285.0
2025-06-06,24.99,24.85,25.18,24.8,9514.0,9514.0
2025-06-09,24.6,24.88,25.0,24.51,18100.0,18100.0
2025-06-10,24.9,24.7,25.1,24.53,14290.0,14290.0
2025-06-11,25.09,26.55,26.78,25.09,58742.0,58742.0
2025-06-12,26.1,26.12,26.43,25.9,28416.0,28416.0
2025-06-13,25.98,26.25,26.52,25.67,43984.0,43984.0
2025-06-16,26.03,26.06,26.49,25.98,23474.0,23474.0
2025-06-17,26.08,26.57,27.47,25.68,33552.0,33552.0
2025-06-18,26.44,26.28,27.2,26.1,18306.0,18306.0
2025-06-19,26.3,26.97,27.19,26.08,28730.0,28730.0
2025-06-20,26.91,27.47,28.38,26.9,39696.0,39696.0
2025-06-23,27.2,27.34,28.25,26.68,31467.0,31467.0
2025-06-24,27.34,27.56,27.63,27.12,30478.0,30478.0
2025-06-25,27.61,27.88,28.3,27.45,33512.0,33512.0
2025-06-26,27.45,26.67,28.0,26.65,35617.0,35617.0
2025-06-27,26.8,26.55,27.05,26.5,22731.0,22731.0
2025-06-30,26.79,26.74,26.87,26.48,16191.0,16191.0
2025-07-01,26.76,26.48,26.76,26.24,17756.0,17756.0
2025-07-02,26.36,26.45,26.48,26.14,13583.0,13583.0
2025-07-03,26.49,27.28,27.55,26.33,31472.0,31472.0
2025-07-04,27.41,26.96,27.41,26.69,16395.0,16395.0
2025-07-07,26.9,26.7,26.94,26.41,10108.0,10108.0
2025-07-08,26.7,27.08,27.34,26.53,19725.0,19725.0
2025-07-09,27.14,26.69,27.28,26.63,20733.0,20733.0
2025-07-10,26.67,26.07,26.75,25.87,20255.0,20255.0
2025-07-11,26.15,27.82,28.2,25.85,66368.0,66368.0
2025-07-14,28.17,29.18,29.71,28.14,73746.0,73746.0
2025-07-15,29.09,30.03,30.48,29.09,71389.0,71389.0
